embed,Content,
Langkah langkah untuk koreksian,"1. Lihat jadwal koreksian pada website messier (Tolong perhatikan deadline Anda)
2. Hubungi SubCo untuk briefing dan meminta template koreksian
3. Download jawaban mahasiswa pada website messier, pilih menu ""Marking"", dan pilih lagi menu ""Answer to be Graded""
4. Setelah itu anda sudah boleh mulai koreksian. Tanya subco jika ada pertanyaan tentang template koreksian
5. Kumpulkan koreksian kamu ke SubCo bisa dari Line atau dari yang lain juga.
6. Setelah itu, submit queue kamu pada menu ""My Queue"" pada academic.slc.net atau academic-slc.apps.binus.ac.id
7. Ulangi langkah ke 5 dan ke 6 sampai hasil dari koreksian kamu diterima oleh SubCo
8. Setelah diterima oleh SubCo, masukkan score ke ke messier dengan cara downlad dulu template excel untuk memasukkan nilai pada messier. Template excelnya berada di menu ""Marking"", kemudian pilih menu ""Register Student Score"". kemudain masukkan nilai koreksian ke template yang di download dan upload di menu""Register Student Score""
9. Kalau kamu sudah memasukkan scorennya ke messier, harap beritahukan SubCo untuk pengecekkan terakhir dan setujui koreksian anda
10. Koreksian dianggap selesai jika subco sudah menyetujui itu pada messier",
Tips tips untuk koreksian,"1. Kasih komen pada template koreksian dengan detail dan jelas
2.Tanya pada SubCo jika ada template yang ambigu
3. Buat penanda agar tidak lupa jadwal koreksian",
deadline koreksian,"Deadline koreksian setiap mata kuliah berbeda beda. Jadi untuk lebih pasti bisa anda cek pada messier pada menu ""Marking""",
subco koreksian,"Subco koreksian dapat anda lihat pada website academic.slc.net atau academic-slc.apps.binus.ac.id dan pilih menu ""My Queue""",
Langkah langkah untuk case making,"1. Lihat jadwal case making pada website messier (Tolong perhatikan deadline Anda)
2. Hubungi SubCo untuk briefing cara case making
3. Sebelum membuat soal ujian, lakukan kondusltasi ide terlebih dahulu dengan Subco. 
4. Jika ide sudah di setujui minta kepada SubCo template soal ujian dan assisten membuat soal sesuai template yang assisten dapatkan
5. Kumpulkan case making kamu ke SubCo bisa dari Line atau dari yang lain juga.
6. Setelah itu, submit queue kamu pada menu ""My Queue"" pada academic.slc.net atau academic-slc.apps.binus.ac.id
7. Ulangi langkah ke 5 dan ke 6 sampai hasil dari koreksian kamu diterima oleh SubCo
8. Setelah diterima oleh SubCo, submit case making kamu pada messier dengan cara pilih menu ""Job"", kemudian pilih menu ""Case Making""
9. Kalau kamu sudah memasukkan case making ke messier, harap beritahukan SubCo untuk pengecekkan terakhir dan setujui case making anda
10. Case making dianggap selesai jika subco sudah menyetujui itu pada messier",
Tips tips untuk case making,"1. Untuk referensi ide soal bisa anda lihat pada academic.slc.net atau academic-slc.apps.binus.ac.id
2. Jika tidak tau cara buat soalnya atau ada hal yang ambigu dan tidak anda ketahui, Harap hubungi SubCo agar bisa di bantu dalam case making
3. Buat penanada agar tidak lupa jadwal case making, bisa melalui sticky note atau calendar pada hp kalian.",
deadline case making ,"Deadline case making setiap mata kuliah berbeda beda. Jadi untuk lebih pasti bisa anda lihat pada messier pada menu ""Job"", lalu pilih menu ""Case Making""","Deadline koreksian setiap mata kuliah berbeda beda. Jadi untuk lebih pasti bisa anda cek pada messier pada menu ""Marking"""
subco case making,"Subco case making dapat anda lihat pada website academic.slc.net atau academic-slc.apps.binus.ac.id dan pilih menu ""My Queue""",
