Course Code;Course name;Type;Link Download
COMP6048;DataStructures;TM1;https://drive.google.com/file/d/1P6MqpfjR5v7mYTfL9FD2QBEnEtidw1cM/view?usp=sharing
COMP6048;DataStructures;UAP;https://drive.google.com/file/d/1YNnitJbKBX7OtxNubgA8haGASM52Vo7f/view?usp=sharing
COMP6051;WebProgramming;PRY;https://drive.google.com/file/d/1PUHWAl2IRoKM2Mp1qfsFYtToCrUD5_oA/view?usp=sharing
COMP6064;GeographicalInformationSystem;TM1;https://drive.google.com/file/d/1gIENH3yL3_razESu-f-LuoJjDKtm8p07/view?usp=sharing
COMP6064;GeographicalInformationSystem;UAP;https://drive.google.com/file/d/1-OpdgKCIIhutIvxf0iSit-RF8v6JTqhD/view?usp=sharing
COMP6114;PatternSoftwareDesign;PRY;https://drive.google.com/file/d/1-XoB99AxYy4kFmV-d7mp5cg-F2XnwDvb/view?usp=sharing
COMP6114;PatternSoftwareDesign;TM1;https://drive.google.com/file/d/15TQQVRZ3gyrnFBeZXkl0UsQUZzCqpehw/view?usp=sharing
COMP6115;ObjectOrientedAnalysis&Design;PRY;https://drive.google.com/file/d/1zsAG3KuUHm_XZ3ByTK_aRuMb5PrgeekZ/view?usp=sharing
COMP6115;ObjectOrientedAnalysis&Design;TM1;https://drive.google.com/file/d/1hbGxxwLTVeCMEHS6LXVCqtaskTYcwbHn/view?usp=sharing
COMP6119;DatabaseAdministration;TM1;https://drive.google.com/file/d/1-UZWLqFlO8aC1oVc5XwK9O2Y2nTFPW92/view?usp=sharing
COMP6119;DatabaseAdministration;UAP;https://drive.google.com/file/d/1jIL1LDpMtdIEMzv3SeHvvYqSIxitqETk/view?usp=sharing
COMP6122;FrameworkLayerArchitecture;TM1;https://drive.google.com/file/d/1-3mrWmys_SCM8vBRL9fh7Z9LqObHe5an/view?usp=sharing
COMP6122;FrameworkLayerArchitecture;TM2;https://drive.google.com/file/d/17m2GOR5kWntVDewdKEgsUWbqXxwSfu3q/view?usp=sharing
COMP6140;DataMining;TM1;https://drive.google.com/file/d/1AXzmIRJSCtyBcCpN7Pzf4egyV-XYWL25/view?usp=sharing
COMP6140;DataMining;UAP;https://drive.google.com/file/d/1J1izNWwmjB0_vPl5YX5LXeZ5ib8I4qF9/view?usp=sharing
COMP6153;OperatingSystem;TM1;https://drive.google.com/file/d/1gK_DFXnjqnFFd3X_JY5stDqui2EWyrBX/view?usp=sharing
COMP6153;OperatingSystem;UAP;https://drive.google.com/file/d/1qwKqqpYf6Y-27NBEWDmc-t_tRSD2kJvV/view?usp=sharing
COMP6232;HumanandComputerInteraction;PRY;https://drive.google.com/file/d/1uvq9RXDhCtdZ9KX-xF23X0mPdpleeHMA/view?usp=sharing
COMP6232;HumanandComputerInteraction;TM1;https://drive.google.com/file/d/1ZXW2GvuHJpM3W4v6HNMFv4K3nPajIyX6/view?usp=sharing
COMP6176;HumanandComputerInteraction;PRY;https://drive.google.com/file/d/1uvq9RXDhCtdZ9KX-xF23X0mPdpleeHMA/view?usp=sharing
COMP6176;HumanandComputerInteraction;TM1;https://drive.google.com/file/d/1ZXW2GvuHJpM3W4v6HNMFv4K3nPajIyX6/view?usp=sharing
COMP6178;IntroductiontoProgramming;TM1;https://drive.google.com/file/d/1GjLO8IYPUSBEd4oPRbbdr_kgQbS4nA0O/view?usp=sharing
COMP6178;IntroductiontoProgramming;TM2;https://drive.google.com/file/d/1ZsX5LqhbB2eKRwwoNYNFSdvtnqRLA_jz/view?usp=sharing
COMP6178;IntroductiontoProgramming;UAP;https://drive.google.com/file/d/11j26rlZV5mvCgEkSkWotGX0GDNoKeX1v/view?usp=sharing
COMP6268;Algorithm&Programming;TM1;https://drive.google.com/file/d/1-TdkZ4TcEwbcTKhKMR_JuUW9YPkezbtA/view?usp=sharing
COMP6268;Algorithm&Programming;TM2;https://drive.google.com/file/d/1x3e21nqEiZRB3ai0O1v93-TVVZvDnVAN/view?usp=sharing
COMP6268;Algorithm&Programming;UAP;https://drive.google.com/file/d/1GGoCjrorPGHs93zREv3a4SLHzpIWJd8x/view?usp=sharing
COMP6481;DatabaseDesign;TM1;https://drive.google.com/file/d/1Yhbq5zSspHajactUw3T6xRDvuluYyWeJ/view?usp=sharing
COMP6481;DatabaseDesign;UAP;https://drive.google.com/file/d/1i_Zq_TqefZHhfzmpLqGjFuGrWZ_l6ZuM/view?usp=sharing
COMP6544;NetworkPenetrationTesting;TM1;https://drive.google.com/file/d/1G0BanXzX2GGgn6j6fZhrZYHhnqraB8iE/view?usp=sharing
COMP6544;NetworkPenetrationTesting;TM2;https://drive.google.com/file/d/1K2bstTyZWaN4a9BUWNBlsCe0fWqm0mF6/view?usp=sharing
COMP6548;ProgrammingforPenetrationTesting;TM1;https://drive.google.com/file/d/1z2USw61Vi9Hl64QkR-vjtsEPOMP2uZUX/view?usp=sharing
COMP6548;ProgrammingforPenetrationTesting;TM2;https://drive.google.com/file/d/1IM5k4aZJ9uCJyyqXsDsxVEroXZa06IRZ/view?usp=sharing
COMP6579;BigDataProcessing;TM1;https://drive.google.com/file/d/1LunFkHFcWnZJ0sTMU-cJ8ICrIg_QtNO9/view?usp=sharing
COMP6579;BigDataProcessing;UAP;https://drive.google.com/file/d/1iD0EWUIUFrmC8eeEuHLXebPxXjNmPSTM/view?usp=sharing
COMP6583;ComputerGraphics;PRY;https://drive.google.com/file/d/1uqH6cPrDXCVnsJ1KCusuBrJMJZ3fJ46g/view?usp=sharing
COMP6583;ComputerGraphics;TM1;https://drive.google.com/file/d/1tqmnpBpFUSvCMAuCCQqCen4q91BpD4qW/view?usp=sharing
COMP6584;NetworkandSystemProgramming;TM1;https://drive.google.com/file/d/1Eo0qHeSIugjgZ9Eq0OkLSFi2AUvVXDpx/view?usp=sharing
COMP6584;NetworkandSystemProgramming;TM2;https://drive.google.com/file/d/1X79RWWWy3xIegELoW_ArHzmn58aNyKYA/view?usp=sharing
COMP6590;GeographicalInformationSystem;TM1;https://drive.google.com/file/d/1Px8pVoAHzSEa4qBlJAA-_07dVS5bJ-rE/view?usp=sharing
COMP6590;GeographicalInformationSystem;UAP;https://drive.google.com/file/d/1-nN9pyXRioAqp1l0Qi1vm8nJ3YBwwSFo/view?usp=sharing
COMP6681;WebProgramming;PRY;https://drive.google.com/file/d/1mG5eLjuIx-4mzq6YoLNyTAckIxbijXjY/view?usp=sharing
COMP6683;IntroductiontoArtificialInteligence;PRY;https://drive.google.com/file/d/1yvp3w9oZcLFiqKJ9st7Coau2y4W6J4mo/view?usp=sharing
COMP6708;ObjectOrientedProgramming;TM1;https://drive.google.com/file/d/1xmI6gbxBZzc2UprIHL3hy9uGqC7beHzd/view?usp=sharing
COMP6708;ObjectOrientedProgramming;TM2;https://drive.google.com/file/d/1k_GREMnFqVQHPsf_T9V3dZVqWUoFik1s/view?usp=sharing
COMP6708;ObjectOrientedProgramming;UAP;https://drive.google.com/file/d/1zGsVNOGYIrV3eZAzrJd57wwfZ7VdJlBT/view?usp=sharing
COMP6710;DistributedCloudComputing;TM1;https://drive.google.com/file/d/1UmOtr_SB5ketJyM2wUD6UYeiBNt-9KVD/view?usp=sharing
COMP6710;DistributedCloudComputing;UAP;https://drive.google.com/file/d/1I28rZhL1jcM3c2Y29ZQNWaoI2QcDeii4/view?usp=sharing
COMP6714;IntroductiontoProgramming;TM1;https://drive.google.com/file/d/1YLyLWULUZukmfVmC5afL7V72V-pasD55/view?usp=sharing
COMP6714;IntroductiontoProgramming;UAP;https://drive.google.com/file/d/1ME6jwdehh94NnX8THLFLdYpWw_OCEtGU/view?usp=sharing
COMP6799;DatabaseTechonology;TM1;https://drive.google.com/file/d/1rY4u72rwnliZZYRHxN9V6YkIFr74_ODV/view?usp=sharing
COMP6799;DatabaseTechonology;UAP;https://drive.google.com/file/d/10HaYZuKpcCTtusailobF3DCBbW376gfE/view?usp=sharing
COMP6800;HumanandComputerInteraction;PRY;https://drive.google.com/file/d/1eXX3kmHc63rf5zlWLrih0bc0Xl2dU_bX/view?usp=sharing
COMP6822;SpeechRecognition;TM1;https://drive.google.com/file/d/1j8r2faqK_Q3t8tFIK4MGdecD-MLojKU4/view?usp=sharing
COMP6822;SpeechRecognition;UAP;https://drive.google.com/file/d/1fC3yUxviIeru__J4VM1eKGHohiKeIhwP/view?usp=sharing
COMP6824;ComputerSecurity;TM1;https://drive.google.com/file/d/188aTMJzb9sAHuvKNSduZxsQLxOBriLXf/view?usp=sharing
COMP6824;ComputerSecurity;TM2;https://drive.google.com/file/d/1DZGI_J9foj1lFtalllhn051SEPVdd4B6/view?usp=sharing
COMP6826;DeepLearning;TM1;https://drive.google.com/file/d/1Bh-qTm0zRO6E23XMG4OSM2J8RJbpzczv/view?usp=sharing
COMP6826;DeepLearning;UAP;https://drive.google.com/file/d/1roynmo8SZB124oYjXBk5ZOrPfUsGuacl/view?usp=sharing
COMP6827;LinuxSystemAdministrationandSecurity;TM1;https://drive.google.com/file/d/1qBn6nIMryvsuwOdE9z5iJt3lkE8tszda/view?usp=sharing
COMP6827;LinuxSystemAdministrationandSecurity;TM2;https://drive.google.com/file/d/1450DBw5kQmL4n4RdELkxVTM13SrqmM2X/view?usp=sharing
COMP6829;SoftwareDesign;TM1;https://drive.google.com/file/d/1efrgNv9o4FwiPHgjiZEdTOF6HhWjhcHu/view?usp=sharing
COMP6829;SoftwareDesign;UAP;https://drive.google.com/file/d/1dS57UohDH6cP8HcRfdmsXc_dvN5eIKZH/view?usp=sharing
COMP6841;DatabaseDesign;TM1;https://drive.google.com/file/d/1qzvHUS5bR_EMvq7QUh_UIq89bcBWMPfX/view?usp=sharing
COMP6841;DatabaseDesign;UAP;https://drive.google.com/file/d/1vxy12eCmZ2VRrpm8xFnyoHJMt8rNkXC8/view?usp=sharing
COMP6844;MobilePenetrationTesting;TM1;https://drive.google.com/file/d/1Zjc7xn96VoeZqNi4_Ttzzbd5zTPuSWAV/view?usp=sharing
COMP6844;MobilePenetrationTesting;TM2;https://drive.google.com/file/d/1hUO0RR7E5dbhkHjHYZzAmGIR6b7JUewu/view?usp=sharing
COMP6883;AutomationTesting;TM1;https://drive.google.com/file/d/1WjMhuqpEptiLObfbNV-fTFAP41cUFFSR/view?usp=sharing
COMP6883;AutomationTesting;UAP;https://drive.google.com/file/d/1G3Dtds1BF4T06jAoo3GcRaFOy2EqkaGJ/view?usp=sharing
COMP6885;NaturalLanguageProcessing;TM1;https://drive.google.com/file/d/1Dq_qqQForjyQph7icPwtHKKPPKbH2-W1/view?usp=sharing
COMP6885;NaturalLanguageProcessing;UAP;https://drive.google.com/file/d/10GtKhbc77pT33YXToIxZ83meZL9LKC4K/view?usp=sharing
COMP6888;BasicProgrammingforBiotechnology;TM1;https://drive.google.com/file/d/1LwHtGc0BcEwq0ldtXsqWQ94a1j2JB1TW/view?usp=sharing
COMP6888;BasicProgrammingforBiotechnology;UAP;https://drive.google.com/file/d/1giAfUM8HM51r55RYoLKe0A8gRA4vmUVM/view?usp=sharing
COMP7066;ExpertSystems;PRY;https://drive.google.com/file/d/1RnS3qdf25_g9T_qHm9yZD-cczxfLTBm9/view?usp=sharing
COMP7066;ExpertSystems;TM1;https://drive.google.com/file/d/1yKuvjTbGsf182HHt7rDdTZTvCmBnjY_x/view?usp=sharing
COMP7084;MultimediaSystem;PRY;https://drive.google.com/file/d/13r2drHxZJIv9DBGTyFkx8SG5phJP1of2/view?usp=sharing
COMP7084;MultimediaSystem;UAP;https://drive.google.com/file/d/11mRwRmSdLHB-A4pa_zQ7SURIjut8ITcM/view?usp=sharing
COMP7094;MultimediaProgrammingFoundation;PRY;https://drive.google.com/file/d/1EkyNwxiuaxLUVH9L5BjMrPHOVFHWcGy4/view?usp=sharing
COMP7094;MultimediaProgrammingFoundation;TM1;https://drive.google.com/file/d/1-ybwK2niifuT5aTHgEcORuFXCfCLvPTO/view?usp=sharing
COMP7116;ComputerVision;PRY;https://drive.google.com/file/d/1-biZIsQfuvZ6lJN7J2AfHq6ZxOclqR7O/view?usp=sharing
COMP7116;ComputerVision;TM1;https://drive.google.com/file/d/1vmtEeL3IhtyXKe14XAt6ahzh0pZPUoMt/view?usp=sharing
COMP7117;ArtificialNeuralNetwork;PRY;https://drive.google.com/file/d/1EC9iQKAEKsRL_cNpPkECbRVvX_eJfOxD/view?usp=sharing
COMP7117;ArtificialNeuralNetwork;TM1;https://drive.google.com/file/d/1fokpVB4BHUVQ1AhkocfPyDeyEyPZwhy4/view?usp=sharing
COMP7117;ArtificialNeuralNetwork;TM2;https://drive.google.com/file/d/1WKsj1PZxsgogOziz-4slvj8MJBZ8oYAC/view?usp=sharing
COMP7142;PopularNetworkTechnology;PRY;https://drive.google.com/file/d/1Qs9o0rUaowj2jo4ShRer5F6A1-IYIE6K/view?usp=sharing
COMP7142;PopularNetworkTechnology;TM1;https://drive.google.com/file/d/15EI5Odxwiz5USOrJKG4mVa3TTP5UFf7l/view?usp=sharing
COMP8108;NaturalLanguageProcessing;TM1;https://drive.google.com/file/d/1YhD2IBmaCI0x2ym2LVzNc2lzeTtdkM9-/view?usp=sharing
COMP8108;NaturalLanguageProcessing;UAP;https://drive.google.com/file/d/19CFrTqXdpbQjypF3RsEtCpbgj12sy4J-/view?usp=sharing
COMP8129;UserExperience;PRY;https://drive.google.com/file/d/1hPMD167cNM0zXAy0IJIzEGgMRmQ9qblk/view?usp=sharing
COMP8129;UserExperience;TM1;https://drive.google.com/file/d/1a8qVSItEFCWYh8KIyx1Gol3nomLUr4eM/view?usp=sharing
CPEN6098;ComputerNetworks;TM1;https://drive.google.com/file/d/1k0Pad1Lrvdhmke_k_oYxfttiEzQrtaOP/view?usp=sharing
CPEN6098;ComputerNetworks;TM2;https://drive.google.com/file/d/1PxNTOkDTNyiyGRYl6OeLp0Qhxtrs-PEN/view?usp=sharing
CPEN6108;ComputerNetworks;TM1;https://drive.google.com/file/d/1k0Pad1Lrvdhmke_k_oYxfttiEzQrtaOP/view?usp=sharing
CPEN6108;ComputerNetworks;TM2;https://drive.google.com/file/d/1PxNTOkDTNyiyGRYl6OeLp0Qhxtrs-PEN/view?usp=sharing
CPEN6109;ComputerNetworks;TM1;https://drive.google.com/file/d/1k0Pad1Lrvdhmke_k_oYxfttiEzQrtaOP/view?usp=sharing
CPEN6109;ComputerNetworks;TM2;https://drive.google.com/file/d/1PxNTOkDTNyiyGRYl6OeLp0Qhxtrs-PEN/view?usp=sharing
CPEN6247;ComputerNetworks;TM1;https://drive.google.com/file/d/1NpYcreQDHqaoRDloEeAkpNDj0sJ1F5yx/view?usp=sharing
ISYS6084;Database;PRY;https://drive.google.com/file/d/1bMcRT6qqYTLuqPFB8cLOcHdSw_W-X_Bj/view?usp=sharing
ISYS6084;Database;TM1;https://drive.google.com/file/d/14lkbikWZPYjU3xvmRO3zABDMauEdU3jC/view?usp=sharing
ISYS6084;Database;TM2;https://drive.google.com/file/d/1l8o9UMNdATOFOCpTJJYU78aMDw8JzJ5-/view?usp=sharing
ISYS6123;IntroductiontoDatabaseSystem;PRY;https://drive.google.com/file/d/12DpJHDIJuE4H4hg3fjgG7W01o7xIZWk_/view?usp=sharing
ISYS6123;IntroductiontoDatabaseSystem;TM1;https://drive.google.com/file/d/1TOANTNAk4liJperqbBAmdTVnhM3wdYpM/view?usp=sharing
ISYS6123;IntroductiontoDatabaseSystem;TM2;https://drive.google.com/file/d/1aPmQQvIQh--vVFDfGxGu516z9avLx5fW/view?usp=sharing
ISYS6169;DatabaseSystems;PRY;https://drive.google.com/file/d/1x7CxAodRYueM467_RBojKWxrCT1Lmknh/view?usp=sharing
ISYS6169;DatabaseSystems;TM1;https://drive.google.com/file/d/1HZnekALlsvYAdo1ZFbDZe0eaOLQBU5I7/view?usp=sharing
ISYS6169;DatabaseSystems;UAP;https://drive.google.com/file/d/1JITCp1i6BRYQAXU7I5zpZ5R1IPTCwl95/view?usp=sharing
ISYS6170;DataWarehouse;PRY;https://drive.google.com/file/d/1Q-4W2GS4o6j1CsuGctOPuIRk6aYo6j83/view?usp=sharing
ISYS6170;DataWarehouse;TM1;https://drive.google.com/file/d/1qyR79usCgSaJVv5292kpCOreJO33aKUm/view?usp=sharing
ISYS6197;BusinessApplicationDevelopment;PRY;https://drive.google.com/file/d/1ccQRagRlcF8st24NiwwqIwYaPQPSFIUG/view?usp=sharing
ISYS6197;BusinessApplicationDevelopment;TM1;https://drive.google.com/file/d/1q2NZUIve3Hcrb2sLE-bYjTTYZ6Gnk54m/view?usp=sharing
ISYS6200;DataWarehouse;PRY;https://drive.google.com/file/d/1ztvNknmTmN7sYoUkSOVOssxt7rIyFNCc/view?usp=sharing
ISYS6200;DataWarehouse;TM1;https://drive.google.com/file/d/1vvQ1Fy4vYvWKvBd5RsoQdoQ5K-uPqpW_/view?usp=sharing
ISYS6200;DataWarehouse;UAP;https://drive.google.com/file/d/1FPRyEFC1PRb_eAZX7ZB2AFZqSZBIJvdV/view?usp=sharing
ISYS6211;WebBasedApplicationDevelopment;PRY;https://drive.google.com/file/d/1XR4ZmTuxIVqbAXBa3XLUSuvX8uBcwylC/view?usp=sharing
ISYS6211;WebBasedApplicationDevelopment;TM1;https://drive.google.com/file/d/13HIXNncubGwxk44YuyLWTYYeY_e1R5TD/view?usp=sharing
ISYS6623;PredictiveAnalytics;PRY;https://drive.google.com/file/d/1jPNzCLJI4ac98eU84gk0wW0tN2M1nkb9/view?usp=sharing
ISYS6623;PredictiveAnalytics;TM1;https://drive.google.com/file/d/1NfzFbH11SmoR9COYCevHfZpt4GD4eDxf/view?usp=sharing
ISYS6623;PredictiveAnalytics;TM2;https://drive.google.com/file/d/1YaDktuzeCCyQxpHQnwwijtYruq-ytRpZ/view?usp=sharing
ISYS6679;DecisionAnalytics;PRY;https://drive.google.com/file/d/1OsaYwNYFWxtKge_19gNKnOMVS5J4PqZw/view?usp=sharing
ISYS6679;DecisionAnalytics;TM1;https://drive.google.com/file/d/1puauk8K1M6strd12sLD2JLQQbdsTPXNV/view?usp=sharing
ISYS6679;DecisionAnalytics;TM2;https://drive.google.com/file/d/1flrCFhFsZolxqGlzhM-k9IsgKBLiMM2s/view?usp=sharing
ISYS6898;Algorithm&Programming;TM1;https://drive.google.com/file/d/1feKbBQ9w2DzuRfw6Sa-r0LTIsnjfjjKh/view?usp=sharing
ISYS6898;Algorithm&Programming;TM2;https://drive.google.com/file/d/13RtCkOsWH8BJWL99QJLNhHsPTrF-s0ce/view?usp=sharing
ISYS6898;Algorithm&Programming;TM3;https://drive.google.com/file/d/1T7UJpv2HSS8LyntbcSjZM6qSEwzyBbtE/view?usp=sharing
ISYS6898;Algorithm&Programming;TM4;https://drive.google.com/file/d/1SqPXBTMo-8qsPz7rCTtETrbAH8SCXFJL/view?usp=sharing
ISYS6898;Algorithm&Programming;UAP;https://drive.google.com/file/d/1SdfGHTFsS5bvnR6Ufig0FRIOqeV58sf2/view?usp=sharing
MATH6168;ComputerVision;PRY;https://drive.google.com/file/d/1n03uWFKyDR0JzyDKpZedXlrNwtktEM8i/view?usp=sharing
MATH6168;ComputerVision;TM1;https://drive.google.com/file/d/11iS39fSOD83hhmTm7hx55IVt53E2poFP/view?usp=sharing
MATH6183;ScientificComputing;TM1;https://drive.google.com/file/d/1uhKRfA1iV3-X5YqbSokbBAlc0rJYXq_c/view?usp=sharing
MOBI6002;MobileObjectOrientedProgramming;TM1;https://drive.google.com/file/d/1t57UG-NKc7uQKF21hxAZC7TUoV8mA1IA/view?usp=sharing
MOBI6002;MobileObjectOrientedProgramming;UAP;https://drive.google.com/file/d/10NIhrXEhvWCy8R1vekO6aIp8yzSS_Anm/view?usp=sharing
MOBI6021;MobileCommunitySolution&MobileProgramming;PRY;https://drive.google.com/file/d/1b7xXabO-8TEeZbP8d-_HXlrtLJ11ahgY/view?usp=sharing
MOBI6021;MobileCommunitySolution&MobileProgramming;TM1;https://drive.google.com/file/d/1lheea9MwJjoLB6ExwAAiG9e_U2H3XlnD/view?usp=sharing
MOBI6006;MobileCommunitySolution&MobileProgramming;PRY;https://drive.google.com/file/d/1b7xXabO-8TEeZbP8d-_HXlrtLJ11ahgY/view?usp=sharing
MOBI6006;MobileCommunitySolution&MobileProgramming;TM1;https://drive.google.com/file/d/1lheea9MwJjoLB6ExwAAiG9e_U2H3XlnD/view?usp=sharing
MOBI6009;MobileMultimediaSolution;PRY;https://drive.google.com/file/d/1BEYb1sDqb6wP8RMjrx50Vxtokp3EVQaI/view?usp=sharing
MOBI6009;MobileMultimediaSolution;TM1;https://drive.google.com/file/d/18djliQussaRG0kRASO2oa3CrQmjFasz-/view?usp=sharing
MOBI6021;MobileProgramming;PRY;https://drive.google.com/file/d/18UZsS-4YWk1C49KfZOsf0XDYkoYRiUJq/view?usp=sharing
MOBI6021;MobileProgramming;TM1;https://drive.google.com/file/d/1nBPeV0H0mWXACp4yHiwl8jVTNzP7MbiG/view?usp=sharing
MOBI6026;MobileCloudComputing;PRY;https://drive.google.com/file/d/1fFg1XTezBBnIhewhLv87aA03DJW66dBY/view?usp=sharing
SCIE6062;ComputationalBiology;TM1;https://drive.google.com/file/d/12zsFukXUVx362GMZ09TRqueH6FWvMref/view?usp=sharing
SCIE6063;ComputationalPhysics;TM1;https://drive.google.com/file/d/1Vb3mh1qvCJfZH8mPFgfQSrzV4epa7JdZ/view?usp=sharing
